Stakeholder_ID,Stakeholder_Type,Category,Comment
SH-001,Renewable Energy Developer,Incentives,"The 25-year interstate transmission charge waiver is a commendable and transformative step that will significantly reduce green hydrogen production costs."
SH-002,MSME Manufacturer,Cost & Compliance,"Capital subsidy under the SIGHT scheme must be extended to smaller component manufacturers; current thresholds heavily favor large conglomerates."
SH-003,Environmental Thinktank,Sustainability,"The draft lacks strict water consumption guidelines; producing green hydrogen in arid regions could severely deplete local groundwater aquifers."
SH-004,Industry Association,Licensing,"Single-window environmental clearance mechanism outlined in Section 4 is praiseworthy and will eliminate bureaucratic bottlenecks."
SH-005,Heavy Industry Consumer,Feasibility,"Mandating a 10% green hydrogen blend in steel plants within 18 months is unrealistic and unworkable given current electrolyzer supply shortages."
SH-006,Legal Expert,Definitions,"Clause 3.2 is vague regarding the certification mechanism for exported green ammonia. Clear international standards must be adopted."
SH-007,Fertilizer Corporation,Subsidies,"We strongly welcome the proposed consumption subsidies for green ammonia in the urea manufacturing sector."
SH-008,Public Citizen,Transparency,"Public consultation timelines were too short; citizens living near proposed coastal green hydrogen hubs should be given adequate grievance redressal."
SH-009,Port Authority,Infrastructure,"Allocating dedicated bunkering berths for green methanol and ammonia at major ports will create an excellent export ecosystem."
SH-010,Financial Institution,Risk & Investment,"Clarity is desperately needed on long-term power banking terms; arbitrary state regulatory changes represent a severe investment risk."
SH-011,Renewable Energy Developer,Grid Access,"Banking of renewable energy on an annual basis instead of monthly is crucial for the financial viability of hydrogen plants."
SH-012,MSME Manufacturer,Compliance,"Filing monthly carbon intensity audits creates unnecessary bureaucratic friction for small pilot projects."
SH-013,Academic Researcher,R&D,"The proposed national R&D corpus of 400 crores is an encouraging initiative to foster indigenous membrane and catalyst technology."
SH-014,State Power Utility,Grid Stability,"Unrestricted open access without standby charges will impose an unfair financial burden on state electricity distribution companies."
SH-015,Chemical Manufacturer,Safety,"Mandatory safety buffer zones around high-pressure liquid hydrogen storage tanks are absolutely essential and well-defined."
SH-016,Clean Tech Startup,Innovation,"The fast-track sandbox for emerging solid oxide electrolyzer technology is a progressive and visionary move."
SH-017,Industrialist,Logistics,"Dedicated pipeline infrastructure for hydrogen transport is completely ignored in the current draft policy."
SH-018,Environmental NGO,Ecology,"Green certification must mandate 100% additionality in renewable generation so coal power is not indirectly consumed."
SH-019,EPC Contractor,Timelines,"The 12-month commissioning timeline for electrolyzer manufacturing grants is overly tight and impractical."
SH-020,Automotive OEM,Mobility,"Incentives for hydrogen fuel cell heavy commercial vehicles are commendable and will accelerate freight decarbonization."
SH-021,Legal Consultant,Penalties,"Section 12 penalties for minor reporting delays are disproportionately harsh and punitive for early-stage operators."
SH-022,Energy Trader,Market Mechanism,"Creating a domestic green hydrogen trading desk on existing energy exchanges is a brilliant and pragmatic proposal."
SH-023,Citizen Advocate,Welfare,"Local communities surrounding green hydrogen special zones must receive mandatory CSR benefits and clean water access."
SH-024,State Nodal Agency,Coordination,"The inter-ministerial task force is an efficient structure to harmonize state and central policies."
SH-025,MSME Supplier,Taxation,"Customs duty exemptions on imported titanium mesh for PEM electrolyzers are urgently needed to maintain competitiveness."
SH-026,Clean Energy Thinktank,Standards,"Carbon accounting methodology should follow strict lifecycle emission metrics of less than 2 kg CO2 per kg H2."
SH-027,Pipeline Operator,Infrastructure,"Standard operating procedures for blending up to 10% hydrogen in existing natural gas grids are vague and require technical annexures."
SH-028,Industry Conglomerate,Investment,"The long-term fiscal stability clause gives deep confidence to global institutional investors."
SH-029,University Department,Workforce,"We strongly support the establishment of National Skill Development Centers for hydrogen safety engineers."
SH-030,Solar Power Producer,Tariffs,"Cross-subsidy surcharges must be permanently waived for dedicated hydrogen solar parks across all state jurisdictions."
